{"epoch": 0, "time_epoch": 11.40285, "eta": 558.73953, "eta_hours": 0.15521, "loss": 0.65243448, "lr": 0.01, "params": 333318, "time_iter": 0.181, "accuracy": 0.821, "f1": 0.82003, "auc": 0.95591}
{"epoch": 1, "time_epoch": 9.42623, "eta": 499.89784, "eta_hours": 0.13886, "loss": 0.18933024, "lr": 0.00999013, "params": 333318, "time_iter": 0.14962, "accuracy": 0.968, "f1": 0.96815, "auc": 0.99819}
{"epoch": 2, "time_epoch": 9.76326, "eta": 479.27992, "eta_hours": 0.13313, "loss": 0.03021308, "lr": 0.00996057, "params": 333318, "time_iter": 0.15497, "accuracy": 1.0, "f1": 1.0, "auc": 1.0}
{"epoch": 3, "time_epoch": 10.34465, "eta": 470.77532, "eta_hours": 0.13077, "loss": 0.1543784, "lr": 0.00991144, "params": 333318, "time_iter": 0.1642, "accuracy": 0.9715, "f1": 0.9715, "auc": 0.99607}
{"epoch": 4, "time_epoch": 10.5897, "eta": 463.74013, "eta_hours": 0.12882, "loss": 0.06787321, "lr": 0.00984292, "params": 333318, "time_iter": 0.16809, "accuracy": 0.9895, "f1": 0.9895, "auc": 0.99997}
{"epoch": 5, "time_epoch": 10.00168, "eta": 451.20802, "eta_hours": 0.12534, "loss": 0.0140611, "lr": 0.00975528, "params": 333318, "time_iter": 0.15876, "accuracy": 1.0, "f1": 1.0, "auc": 1.0}
{"epoch": 6, "time_epoch": 10.20621, "eta": 440.65524, "eta_hours": 0.1224, "loss": 0.01237662, "lr": 0.00964888, "params": 333318, "time_iter": 0.162, "accuracy": 1.0, "f1": 1.0, "auc": 1.0}
{"epoch": 7, "time_epoch": 10.29571, "eta": 430.65899, "eta_hours": 0.11963, "loss": 0.0126169, "lr": 0.00952414, "params": 333318, "time_iter": 0.16342, "accuracy": 1.0, "f1": 1.0, "auc": 1.0}
{"epoch": 8, "time_epoch": 10.55023, "eta": 421.75567, "eta_hours": 0.11715, "loss": 0.01291121, "lr": 0.00938153, "params": 333318, "time_iter": 0.16746, "accuracy": 1.0, "f1": 1.0, "auc": 1.0}
{"epoch": 9, "time_epoch": 9.97861, "eta": 410.23647, "eta_hours": 0.11395, "loss": 0.01318216, "lr": 0.00922164, "params": 333318, "time_iter": 0.15839, "accuracy": 1.0, "f1": 1.0, "auc": 1.0}
{"epoch": 10, "time_epoch": 9.98453, "eta": 399.0184, "eta_hours": 0.11084, "loss": 0.01552969, "lr": 0.00904508, "params": 333318, "time_iter": 0.15848, "accuracy": 1.0, "f1": 1.0, "auc": 1.0}
{"epoch": 11, "time_epoch": 9.57007, "eta": 386.69346, "eta_hours": 0.10741, "loss": 0.46299002, "lr": 0.00885257, "params": 333318, "time_iter": 0.15191, "accuracy": 0.8685, "f1": 0.86671, "auc": 0.96881}
{"epoch": 12, "time_epoch": 9.46279, "eta": 374.48701, "eta_hours": 0.10402, "loss": 0.09646658, "lr": 0.00864484, "params": 333318, "time_iter": 0.1502, "accuracy": 0.9875, "f1": 0.98742, "auc": 0.99934}
{"epoch": 13, "time_epoch": 9.55984, "eta": 362.92205, "eta_hours": 0.10081, "loss": 0.01306477, "lr": 0.00842274, "params": 333318, "time_iter": 0.15174, "accuracy": 1.0, "f1": 1.0, "auc": 1.0}
{"epoch": 14, "time_epoch": 9.55181, "eta": 351.60571, "eta_hours": 0.09767, "loss": 0.01122571, "lr": 0.00818712, "params": 333318, "time_iter": 0.15162, "accuracy": 1.0, "f1": 1.0, "auc": 1.0}
{"epoch": 15, "time_epoch": 10.11367, "eta": 341.70388, "eta_hours": 0.09492, "loss": 0.01107098, "lr": 0.00793893, "params": 333318, "time_iter": 0.16053, "accuracy": 1.0, "f1": 1.0, "auc": 1.0}
{"epoch": 16, "time_epoch": 9.57275, "eta": 330.72712, "eta_hours": 0.09187, "loss": 0.011336, "lr": 0.00767913, "params": 333318, "time_iter": 0.15195, "accuracy": 1.0, "f1": 1.0, "auc": 1.0}
{"epoch": 17, "time_epoch": 9.58453, "eta": 319.92731, "eta_hours": 0.08887, "loss": 0.01182805, "lr": 0.00740877, "params": 333318, "time_iter": 0.15214, "accuracy": 1.0, "f1": 1.0, "auc": 1.0}
{"epoch": 18, "time_epoch": 9.47603, "eta": 309.07839, "eta_hours": 0.08586, "loss": 0.01236146, "lr": 0.0071289, "params": 333318, "time_iter": 0.15041, "accuracy": 1.0, "f1": 1.0, "auc": 1.0}
{"epoch": 19, "time_epoch": 9.78877, "eta": 298.83587, "eta_hours": 0.08301, "loss": 0.01229105, "lr": 0.00684062, "params": 333318, "time_iter": 0.15538, "accuracy": 1.0, "f1": 1.0, "auc": 1.0}
{"epoch": 20, "time_epoch": 9.37423, "eta": 288.0641, "eta_hours": 0.08002, "loss": 0.01260309, "lr": 0.00654508, "params": 333318, "time_iter": 0.1488, "accuracy": 1.0, "f1": 1.0, "auc": 1.0}
{"epoch": 21, "time_epoch": 9.41738, "eta": 277.4743, "eta_hours": 0.07708, "loss": 0.0131307, "lr": 0.00624345, "params": 333318, "time_iter": 0.14948, "accuracy": 1.0, "f1": 1.0, "auc": 1.0}
{"epoch": 22, "time_epoch": 9.43136, "eta": 267.00286, "eta_hours": 0.07417, "loss": 0.01242317, "lr": 0.00593691, "params": 333318, "time_iter": 0.1497, "accuracy": 1.0, "f1": 1.0, "auc": 1.0}
{"epoch": 23, "time_epoch": 9.98609, "eta": 257.21906, "eta_hours": 0.07145, "loss": 0.01249235, "lr": 0.00562667, "params": 333318, "time_iter": 0.15851, "accuracy": 1.0, "f1": 1.0, "auc": 1.0}
{"epoch": 24, "time_epoch": 10.03725, "eta": 247.47023, "eta_hours": 0.06874, "loss": 0.01256017, "lr": 0.00531395, "params": 333318, "time_iter": 0.15932, "accuracy": 1.0, "f1": 1.0, "auc": 1.0}
{"epoch": 25, "time_epoch": 10.14698, "eta": 237.8005, "eta_hours": 0.06606, "loss": 0.01359854, "lr": 0.005, "params": 333318, "time_iter": 0.16106, "accuracy": 1.0, "f1": 1.0, "auc": 1.0}
{"epoch": 26, "time_epoch": 9.70448, "eta": 227.71848, "eta_hours": 0.06326, "loss": 0.01247313, "lr": 0.00468605, "params": 333318, "time_iter": 0.15404, "accuracy": 1.0, "f1": 1.0, "auc": 1.0}
{"epoch": 27, "time_epoch": 9.86719, "eta": 217.79127, "eta_hours": 0.0605, "loss": 0.01193712, "lr": 0.00437333, "params": 333318, "time_iter": 0.15662, "accuracy": 1.0, "f1": 1.0, "auc": 1.0}
{"epoch": 28, "time_epoch": 9.86435, "eta": 207.86614, "eta_hours": 0.05774, "loss": 0.01215704, "lr": 0.00406309, "params": 333318, "time_iter": 0.15658, "accuracy": 1.0, "f1": 1.0, "auc": 1.0}
{"epoch": 29, "time_epoch": 9.99063, "eta": 198.02925, "eta_hours": 0.05501, "loss": 0.01213575, "lr": 0.00375655, "params": 333318, "time_iter": 0.15858, "accuracy": 1.0, "f1": 1.0, "auc": 1.0}
{"epoch": 30, "time_epoch": 9.9122, "eta": 188.13437, "eta_hours": 0.05226, "loss": 0.01245054, "lr": 0.00345492, "params": 333318, "time_iter": 0.15734, "accuracy": 1.0, "f1": 1.0, "auc": 1.0}
{"epoch": 31, "time_epoch": 10.00704, "eta": 178.29175, "eta_hours": 0.04953, "loss": 0.012632, "lr": 0.00315938, "params": 333318, "time_iter": 0.15884, "accuracy": 1.0, "f1": 1.0, "auc": 1.0}
{"epoch": 32, "time_epoch": 9.86379, "eta": 168.36537, "eta_hours": 0.04677, "loss": 0.01235723, "lr": 0.0028711, "params": 333318, "time_iter": 0.15657, "accuracy": 1.0, "f1": 1.0, "auc": 1.0}
{"epoch": 33, "time_epoch": 10.11294, "eta": 158.55992, "eta_hours": 0.04404, "loss": 0.01200909, "lr": 0.00259123, "params": 333318, "time_iter": 0.16052, "accuracy": 1.0, "f1": 1.0, "auc": 1.0}
{"epoch": 34, "time_epoch": 10.18984, "eta": 148.76986, "eta_hours": 0.04132, "loss": 0.01186395, "lr": 0.00232087, "params": 333318, "time_iter": 0.16174, "accuracy": 1.0, "f1": 1.0, "auc": 1.0}
{"epoch": 35, "time_epoch": 10.31461, "eta": 139.00611, "eta_hours": 0.03861, "loss": 0.01199154, "lr": 0.00206107, "params": 333318, "time_iter": 0.16372, "accuracy": 1.0, "f1": 1.0, "auc": 1.0}
{"epoch": 36, "time_epoch": 10.28247, "eta": 129.20129, "eta_hours": 0.03589, "loss": 0.01198816, "lr": 0.00181288, "params": 333318, "time_iter": 0.16321, "accuracy": 1.0, "f1": 1.0, "auc": 1.0}
{"epoch": 37, "time_epoch": 10.73944, "eta": 119.51564, "eta_hours": 0.0332, "loss": 0.01210155, "lr": 0.00157726, "params": 333318, "time_iter": 0.17047, "accuracy": 1.0, "f1": 1.0, "auc": 1.0}
{"epoch": 38, "time_epoch": 10.84936, "eta": 109.80695, "eta_hours": 0.0305, "loss": 0.0118976, "lr": 0.00135516, "params": 333318, "time_iter": 0.17221, "accuracy": 1.0, "f1": 1.0, "auc": 1.0}
{"epoch": 39, "time_epoch": 12.80971, "eta": 100.53132, "eta_hours": 0.02793, "loss": 0.01197527, "lr": 0.00114743, "params": 333318, "time_iter": 0.20333, "accuracy": 1.0, "f1": 1.0, "auc": 1.0}
{"epoch": 40, "time_epoch": 9.95193, "eta": 90.45597, "eta_hours": 0.02513, "loss": 0.01202563, "lr": 0.00095492, "params": 333318, "time_iter": 0.15797, "accuracy": 1.0,