{"epoch": 0, "time_epoch": 35.2928, "eta": 35.2928, "eta_hours": 0.0098, "loss": 1.69020619, "lr": 0.001, "params": 307589, "time_iter": 0.75091, "accuracy": 0.18433, "f1": 0.09694, "auc": 0.5211}
