{"epoch": 0, "time_epoch": 1.59307, "eta": 1.59307, "eta_hours": 0.00044, "loss": 1.61779335, "lr": 0.001, "params": 8090, "time_iter": 0.0339, "accuracy": 0.19583, "f1": 0.17841, "auc": 0.49832}
{"epoch": 1, "time_epoch": 1.57581, "eta": 0.0, "eta_hours": 0.0, "loss": 1.60937904, "lr": 0.001, "params": 8090, "time_iter": 0.03353, "accuracy": 0.1995, "f1": 0.14799, "auc": 0.50889}
